"Reference","Qty","Value","DNP","Exclude from BOM","Exclude from Board","Footprint","Datasheet","Manufacturer_Part_Number","Package","Size","Tolerance","Material","Voltage","Color"
"C201,C203,C204,C205","4","4.7 uF","","","","Capacitor_SMD:C_0603_1608Metric","","","0603","","","X7R","10 V",""
"C202","1","4.7 nF","","","","Capacitor_SMD:C_1206_3216Metric","","","1206","","","","100 V",""
"C206","1","1 uF","","","","Capacitor_SMD:C_0603_1608Metric","","","0603","","","X7R","10 V",""
"C207,C502","2","0.1 uF","","","","Capacitor_SMD:C_0603_1608Metric","","","0603","0603","10 %","X7R","10 V",""
"C208","1","120 uF","","","","Capacitor_Tantalum_SMD:CP_EIA-6032-20_AVX-F","","","","","","Tantalum","10 V",""
"C301,C302,C303,C405","4","10 pF","","","","Capacitor_SMD:C_0402_1005Metric","","","0402","","","","50 V,50V",""
"C401,C404","2","150 pF","","","","Capacitor_SMD:C_0402_1005Metric","","","0402","","","","50 V",""
"C402","1","4.7 uF","","","","Capacitor_Tantalum_SMD:CP_EIA-6032-20_AVX-F","","","","","","Tantalum","10 V",""
"C403","1","1000 pF","","","","Capacitor_SMD:C_0603_1608Metric","","","0603","","","","50 V",""
"C501,C505,C506","3","100 pF","","","","Capacitor_SMD:C_0603_1608Metric","","","0603","","5 %","C0G","50V",""
"C503,C504,C507","3","100 pF","","","","Capacitor_SMD:C_0402_1005Metric","","","0402","","","C0G","",""
"D201","1","PESD5V0L1UL","","","","Diode_SMD:D_SOD-882","https://assets.nexperia.com/documents/data-sheet/PESD5V0L1UL.pdf","","","","","","",""
"D202,D301,D501","3","LED","","","","LED_SMD:LED_0603_1608Metric","","","","","","","","Greem"
"D203,D205","2","LED","","","","LED_SMD:LED_0603_1608Metric","","","","","","","","Green"
"D204","1","LED","","","","LED_SMD:LED_0603_1608Metric","","","","","","","","Red"
"FL301","1","2450BP08A0100001T","","","","My Footprints:2450BP08A0100001T","https://www.johansontechnology.com/docs/1076/2450BP08A0100_K476PPg.pdf","2450BP08A0100001T","","","","","",""
"FL401","1","SYBP-92+","","","","My Footprints:SYBP92","https://www.minicircuits.com/WebStore/dashboardPdf?model=SYBP-92%2B","SYBP-92+","","","","","",""
"FL501","1","LFCN-1700D+","","","","My Footprints:LFCN1700D","https://www.minicircuits.com/pdfs/LFCN-1700D+.pdf","LFCN-1700D+","","","","","",""
"IC201","1","AP22811AW5-7","","","","Package_TO_SOT_SMD:SOT-23-5","https://www.diodes.com/assets/Datasheets/AP22804_14.pdf","AP22811AW5-7","","","","","",""
"IC301,IC402","2","RMS-30+","","","","My Footprints:RMS30","https://www.minicircuits.com/pdfs/RMS-30+.pdf","RMS-30+","","","","","",""
"IC302","1","SE2576L-R","","","","My Footprints:QFN50P300X300X90-17N-D","https://datasheet.datasheetarchive.com/originals/distributors/Datasheets-DGA18/394196.pdf","SE2576L-R","","","","","",""
"IC401","1","HMC374","","","","My Footprints:SOT95P280X145-6N","https://www.mouser.tw/datasheet/2/609/hmc374-467871.pdf","HMC374","","","","","",""
"IC501","1","SPF5043Z","","","","My Footprints:SPF5043Z","https://www.qorvo.com/products/d/da001897","SPF5043Z","","","","","",""
"J101","1","Conn_02x08_Top_Bottom","","","","Connector_PinHeader_2.54mm:PinHeader_2x08_P2.54mm_Vertical_SMD","","","","","","","",""
"J201","1","USB_A","","","","Connector_USB:USB3_A_Receptacle_Wuerth_692122030100","","","","","","","",""
"J301,J302,J401,J402","4","Conn_Coaxial","","","","Connector_Coaxial:SMA_Amphenol_901-144_Vertical","","","","","","","",""
"L401,L501","2","27 nH","","","","Inductor_SMD:L_0603_1608Metric","","","0603","","5 %","M/L","",""
"R201","1","1M","","","","Resistor_SMD:R_0603_1608Metric","","","","","","","",""
"R202","1","499","","","","Resistor_SMD:R_0603_1608Metric","","","0603","","0.1 %","Thin FIlm","",""
"R203","1","33.2k","","","","Resistor_SMD:R_0603_1608Metric","","","0603","","0.1 %","Thin FIlm","",""
"R204","1","200k","","","","Resistor_SMD:R_0603_1608Metric","","","","","","","",""
"R205","1","453 k","","","","Resistor_SMD:R_0603_1608Metric","","","0603","","0.1 %","Thin FIlm","",""
"R206","1","49.9 k","","","","Resistor_SMD:R_0603_1608Metric","","","0603","","0.1 %","Thin FIlm","",""
"R207,R210,R211,R301,R501","5","1k","","","","Resistor_SMD:R_0603_1608Metric","","","","","","","",""
"R208","1","10k","","","","Resistor_SMD:R_0603_1608Metric","","","","","","","",""
"R209","1","150","","","","Resistor_SMD:R_0603_1608Metric","","","","","","","",""
"R502","1","100","","","","Resistor_SMD:R_0402_1005Metric","","","0402","","","Thin Film","",""
"R503","1","10","","","","Resistor_SMD:R_0402_1005Metric","","","0402","","","Thin Film","",""
"SW201","1","SW_DIP_x01","","","","Button_Switch_SMD:SW_DIP_SPSTx01_Slide_6.7x4.1mm_W6.73mm_P2.54mm_LowProfile_JPin","","","","","","","",""
"TP201,TP202,TP203,TP204,TP205","5","TestPoint","","","","TestPoint:TestPoint_Pad_D1.0mm","","","","","","","",""
"U201","1","LT3042xMSE","","","","Package_SO:MSOP-10-1EP_3x3mm_P0.5mm_EP1.68x1.88mm","https://www.analog.com/media/en/technical-documentation/data-sheets/3042fb.pdf","","","","","","",""
"U501","1","XMB0220K1-50100G","","","","My Footprints:XMB0220K1-50100G_TTT","https://cdn.ttm.com/repository/products/wireless-xinger/balun-transformers/XMB0220K1-50100G/XMB0220K1-50100G.pdf","","","","","","",""
"Y501","1","ASG-D-X-A-1.500GHZ","","","","My Footprints:OSCSC254P700X500X190-6N","https://www.mouser.de/datasheet/3/184/1/ASG_D.pdf","","SMD-6 Abracon","","","","",""
