"Reference","Qty","Value","DNP","Exclude from BOM","Exclude from Board","Footprint","Datasheet","Manufacturer_Part_Number","Mouser Price/Stock","Package","Size","Tolerance","Availability","Check_prices","Material","Voltage","Color","Self Resonance","MaxCurrent"
"C201","1","1 uF","","","","Capacitor_SMD:C_0603_1608Metric","","","","0603","","","","","X7R","10 V","","",""
"C202,C206,C207,C208","4","4.7 uF","","","","Capacitor_SMD:C_0603_1608Metric","","","","0603","","","","","X7R","10 V","","",""
"C203","1","470u","","","","Capacitor_SMD:C_0603_1608Metric","","","","0603","","","","","X7R","10 V","","",""
"C204","1","0.1 uF","","","","Capacitor_SMD:C_0603_1608Metric","","","","0603","","","","","X7R","10 V","","",""
"C205","1","120 uF","","","","Capacitor_Tantalum_SMD:CP_EIA-6032-20_AVX-F","","","","","","","","","Tantalum","10 V","","",""
"C301,C305,C406,C501,C504,C505,C508,C510,C515,C519,C521,C530,C531","13","10 pF","","","","Capacitor_SMD:C_0402_1005Metric","","",""," 0402,0402,0402 ","","±10%","","","C0G ,NP0,X7R","50 V,50V","","",""
"C302,C303,C405,C407,C602,C603,C605,C606","8","100 pF","","","","Capacitor_SMD:C_0402_1005Metric","","","","0402,0402 ","","±10%","","","NP0","50 V,50V","","",""
"C304","1","1 uF","","","","Capacitor_SMD:C_0402_1005Metric","","","","0402","","10 %","","","X5R"," 6.3 V","","",""
"C306,C513,C514","3","1 nF","","","","Capacitor_SMD:C_0402_1005Metric","","","","0402 ","","±10%","","","X7R","50V","","",""
"C307","1","2.2 pF","","","","Capacitor_SMD:C_0402_1005Metric","","","","0402 ","","±10%","","","COG","50V","","",""
"C308","1","4.7 uF","","","","Capacitor_SMD:C_0402_1005Metric","","","","0402 ","","±10%","","","COG","50V","","",""
"C309","1","15 pF","","","","Capacitor_SMD:C_0402_1005Metric","","","","0402","","","","","","50 V","","",""
"C310","1","100 nF","","","","Capacitor_SMD:C_0402_1005Metric","","","","0402",""," 10 %","","","X5R","10 V","","",""
"C311","1","3.3 pF","","","","Capacitor_SMD:C_0402_1005Metric","","","","0402 ","","±10%","","","COG","50V","","",""
"C312,C313","2","2.4 pF","","","","Capacitor_SMD:C_0402_1005Metric","","","","0402 ","","±10%","","","COG","50V","","",""
"C401","1","4.7 uF","","","","Capacitor_Tantalum_SMD:CP_EIA-6032-20_AVX-F","","","","","","","","","Tantalum","10 V","","",""
"C402","1","1000 pF","","","","Capacitor_SMD:C_0603_1608Metric","","","","0603","","","","","","50 V","","",""
"C403,C404,C408","3","150 pF","","","","Capacitor_SMD:C_0402_1005Metric","","","","0402","","","","","","50 V","","",""
"C502,C503,C506,C507,C509,C520,C522,C523,C526,C529,C701,C702,C703","13","0.1 uF","","","","Capacitor_SMD:C_0402_1005Metric","","","","0402 ","","±10%","","","X7R","16V,50V","","",""
"C511,C512","2","1 pF","","","","Capacitor_SMD:C_0402_1005Metric","","","","0402 ","","±10%","","","NP0","50V","","",""
"C516","1","2.7 nF","","","","Capacitor_SMD:C_0402_1005Metric","","","","0402 ","","±10%","","","X7R","50V","","",""
"C517","1","39 nF","","","","Capacitor_SMD:C_0402_1005Metric","","","","0402 ","","±10%","","","X7R","50V","","",""
"C518","1","1.2 nF","","","","Capacitor_SMD:C_0402_1005Metric","","","","0402 ","","±10%","","","X7R","50V","","",""
"C524,C525,C528","3","120 pF","","","","Capacitor_SMD:C_0402_1005Metric","","","","0402 ","","±10%","","","NP0","50V","","",""
"C527","1","DC Cut Cap","","","","Capacitor_SMD:C_0402_1005Metric","","","","0402 ","","±10%","","","X7R","50V","","",""
"C601,C604","2","10 nF","","","","Capacitor_SMD:C_0402_1005Metric","","","","0402 ","","±10%","","","NP0","50V","","",""
"D201","1","PESD5V0L1UL","","","","Diode_SMD:D_SOD-882","https://assets.nexperia.com/documents/data-sheet/PESD5V0L1UL.pdf","","","","","","","","","","","",""
"D202,D205,D501","3","LED","","","","LED_SMD:LED_0805_2012Metric","","","","","","","","","","","Green","",""
"D203,D206","2","LED","","","","LED_SMD:LED_0805_2012Metric","","","","","","","","","","","Red","",""
"D204,D301","2","LED","","","","LED_SMD:LED_0805_2012Metric","","","","","","","","","","","Greem","",""
"FB201","1","28C0236-0JW-10","","","","Ferrite_THT:LairdTech_28C0236-0JW-10","https://www.mouser.com/catalog/specsheets/Laird_10092020_Laird%20MCP%20Catalog-EMI%20Filtering%20and%20RF%20Inductor%20Sep%202020.pdf","","","","","","","","","","","","5 A"
"FB501,FB502","2","BLM18PG121SN1D","","","","My Footprints:BLM18SP221SN1B","http://www.murata.com/~/media/webrenewal/support/library/catalog/products/emc/emifil/c31e.ashx?la=en-gb","BLM18PG121SN1D","https://www.mouser.co.uk/ProductDetail/Murata-Electronics/BLM18PG121SN1D?qs=tY8e8KZalarVxhnmnUYZ1A%3D%3D","","","","","","","","","",""
"FL301,FL401","2","2450BP08A0100001T","","","","My Footprints:2450BP08A0100001T","https://www.johansontechnology.com/docs/1076/2450BP08A0100_K476PPg.pdf","2450BP08A0100001T","","","","","","","","","","",""
"FL402","1","SYBP-92+","","","","My Footprints:SYBP92","https://www.minicircuits.com/WebStore/dashboardPdf?model=SYBP-92%2B","SYBP-92+","https://www.mouser.co.uk/ProductDetail/Mini-Circuits/SYBP-92%2b?qs=Znm5pLBrcAKU8e7zMrX60g%3D%3D","","","","","","","","","",""
"FL601","1","LFCN-1800+","","","","My Footprints:LFCN1800","https://datasheet.datasheetarchive.com/originals/distributors/Datasheets-28/DSA-545743.pdf","LFCN-1800+","https://www.mouser.co.uk/ProductDetail/Mini-Circuits/LFCN-1800%2b?qs=xZ%2FP%252Ba9zWqY1IGtlbrcSGw%3D%3D","","","","","","","","","",""
"IC201","1","AP22811AW5-7","","","","Package_TO_SOT_SMD:SOT-23-5","https://www.diodes.com/assets/Datasheets/AP22804_14.pdf","AP22811AW5-7","https://www.mouser.co.uk/ProductDetail/Diodes-Incorporated/AP22811AW5-7?qs=lqAf%2FiVYw9gUYgIV6BQI1w%3D%3D","","","","","","","","","",""
"IC301,IC402","2","RMS-30+","","","","My Footprints:RMS30","https://www.minicircuits.com/pdfs/RMS-30+.pdf","RMS-30+","","","","","","","","","","",""
"IC302","1","SE2576L-R","","","","My Footprints:QFN50P300X300X90-17N-D","https://datasheet.datasheetarchive.com/originals/distributors/Datasheets-DGA18/394196.pdf","SE2576L-R","https://www.mouser.co.uk/ProductDetail/Skyworks-Solutions-Inc/SE2576L-R?qs=WMHGlxXAKT%252BgTam3WBvNxQ%3D%3D","","","","","","","","","",""
"IC401","1","HMC374","","","","My Footprints:SOT95P280X145-6N","https://www.mouser.tw/datasheet/2/609/hmc374-467871.pdf","HMC374","https://www.mouser.co.uk/ProductDetail/Analog-Devices/HMC374?qs=pceeu5JH%2FH94yf0HyrOF2A%3D%3D","","","","","","","","","",""
"IC601,IC602","2","PSA4-5043+","","","","My Footprints:PSA45043","https://www.minicircuits.com/pdfs/PSA4-5043+.pdf","PSA4-5043+","https://www.mouser.co.uk/ProductDetail/Mini-Circuits/PSA4-5043%2b?qs=xZ%2FP%252Ba9zWqbLkryIxS%2FdVA%3D%3D","","","","","","","","","",""
"IC701","1","74LVC4T3144PWJ","","","","My Footprints:SOP65P640X110-14N","https://assets.nexperia.com/documents/data-sheet/74LVC4T3144.pdf","74LVC4T3144PWJ","https://www.mouser.co.uk/ProductDetail/Nexperia/74LVC4T3144PWJ?qs=YCa%2FAAYMW01m27lw9PSQNA%3D%3D","","","","","","","","","",""
"IC702","1","74LVC244AD-Q100J","","","","My Footprints:SOIC127P1032X265-20N","https://assets.nexperia.com/documents/data-sheet/74LVC_LVCH244A_Q100.pdf","74LVC244AD-Q100J","https://www.mouser.co.uk/ProductDetail/Nexperia/74LVC244AD-Q100J?qs=cbprxTG2Yq%252B6VesrNbHshg%3D%3D","","","","","","","","","",""
"IC703","1","LTC6992CS6-4#TRMPBF","","","","My Footprints:SOT95P280X100-6N","https://www.analog.com/media/en/technical-documentation/data-sheets/69921234fc.pdf","LTC6992CS6-4#TRMPBF","https://www.mouser.co.uk/ProductDetail/Analog-Devices/LTC6992CS6-4TRMPBF?qs=hVkxg5c3xu8%252B3R%2FY9NegPg%3D%3D","","","","","","","","","",""
"J101,J102,J103,J104","4","Conn_Coaxial","","","","Connector_Coaxial:SMA_Amphenol_132289_EdgeMount","","","","","","","","","","","","",""
"J201","1","Barrel_Jack","","","","Connector_BarrelJack:BarrelJack_CUI_PJ-063AH_Horizontal_CircularHoles","","","","","","","","","","","","",""
"J701","1","Conn_01x05_Pin","","","","Connector_PinHeader_2.54mm:PinHeader_1x05_P2.54mm_Vertical","","","","","","","","","","","","",""
"J702,J704,J706,J708","4","Conn_01x03_Pin","","","","Connector_PinHeader_2.54mm:PinHeader_1x03_P2.54mm_Vertical","","","","","","","","","","","","",""
"J703,J705,J707,J709","4","Conn_01x01_Pin","","","","Connector_PinHeader_2.54mm:PinHeader_1x01_P2.54mm_Vertical","","","","","","","","","","","","",""
"L301","1","LQG15HN1N5S02D","","","","My Footprints:LQG15WH0N7B02D","https://componentsearchengine.com/Datasheets/1/LQG15HN1N5S02D.pdf","LQG15HN1N5S02D","https://www.mouser.com/Search/Refine.aspx?Keyword=81-LQG15HN1N5S02D","","","","","","","","","",""
"L401","1","27 nH","","","","Inductor_SMD:L_0603_1608Metric","","","","0603","","","","","","","","",""
"L501,L502","2","7.5 nH","","","","Inductor_SMD:L_0402_1005Metric","","","","0402","","","","","","","","",""
"L601,L602","2","47 nH","","","","Inductor_SMD:L_0402_1005Metric","","","","0402","","","","","","","",">2 Ghz",""
"Q201","1","DMP3068L-7","","","","My Footprints:SOT96P240X115-3N","https://www.diodes.com//assets/Datasheets/DMP3068L.pdf","DMP3068L-7","https://www.mouser.co.uk/ProductDetail/Diodes-Incorporated/DMP3068L-7?qs=BvpHGKeVh3rIffE3x2yGSw%3D%3D","","","","","","","","","",""
"R201,R202,R303","3","100k","","","","Resistor_SMD:R_0603_1608Metric","","","","","","","","","","","","",""
"R203,R204,R205,R212,R304","5","1k","","","","Resistor_SMD:R_0603_1608Metric","","","","","","","","","","","","",""
"R206,R503,R505,R506,R507,R515","6","10k","","","","Resistor_SMD:R_0603_1608Metric","","","","0603","","10%","","","","","","",""
"R207","1","453 k","","","","Resistor_SMD:R_0603_1608Metric","","","","0603","","0.1 %","","","Thin FIlm","","","",""
"R208","1","499","","","","Resistor_SMD:R_0603_1608Metric","","","","0603","","0.1 %","","","Thin FIlm","","","",""
"R209","1","49.9 k","","","","Resistor_SMD:R_0603_1608Metric","","","","0603","","0.1 %","","","Thin FIlm","","","",""
"R210","1","150","","","","Resistor_SMD:R_0603_1608Metric","","","","","","","","","","","","",""
"R211","1","33.2k","","","","Resistor_SMD:R_0603_1608Metric","","","","0603","","0.1 %","","","Thin FIlm","","","",""
"R301","1","91","","","","Resistor_SMD:R_0402_1005Metric","","","","0402 ","","5%","","","","","","",""
"R302,R501,R509,R510","4","0","","","","Resistor_SMD:R_0603_1608Metric","","","","0402,0603","","","","","","","","",""
"R305","1","26.7K","","","","Resistor_SMD:R_0603_1608Metric","","","","","","","","","","","","",""
"R502,R504","2","DNI","","","","Resistor_SMD:R_0603_1608Metric","","","","0603","","","","","","","","",""
"R508","1","100","","","","Resistor_SMD:R_0603_1608Metric","","","","0603","","","","","","","","",""
"R511","1","51","","","","Resistor_SMD:R_0603_1608Metric","","","","0603","","0.1 %","","","Thin FIlm","","","",""
"R512","1","680","","","","Resistor_SMD:R_0603_1608Metric","","","","0603","","0.1 %","","","Thin FIlm","","","",""
"R513","1","360","","","","Resistor_SMD:R_0603_1608Metric","","","","0603","","0.1 %","","","Thin FIlm","","","",""
"R514","1","4.7 k","","","","Resistor_SMD:R_0603_1608Metric","","","","0603","","0.1 %","","","Thin FIlm","","","",""
"R601","1","100","","","","Resistor_SMD:R_0402_1005Metric","","","","0402","","","","","Thin Film","","","",""
"R602","1","200","","","","Resistor_SMD:R_0402_1005Metric","","","","0402","","","","","Thin Film","","","",""
"R701,R702,R703,R704,R705,R706,R707,R708,R709,R710,R711","11","100R","","","","Resistor_SMD:R_0603_1608Metric","","","","0603","","10%","","","","","","",""
"R712","1","50k","","","","Resistor_SMD:R_0603_1608Metric","","","","0603","","10%","","","","","","",""
"SW201","1","SW_DIP_x01","","","","Button_Switch_SMD:SW_DIP_SPSTx01_Slide_6.7x4.1mm_W6.73mm_P2.54mm_LowProfile_JPin","","","","","","","","","","","","",""
"TP201,TP202,TP203,TP204,TP205","5","TestPoint","","","","TestPoint:TestPoint_Pad_D1.0mm","","","","","","","","","","","","",""
"U201","1","LT3042xMSE","","","","Package_SO:MSOP-10-1EP_3x3mm_P0.5mm_EP1.68x1.88mm","https://www.analog.com/media/en/technical-documentation/data-sheets/3042fb.pdf","","","","","","","","","","","",""
"U501","1","ADF4351","","","","Package_CSP:LFCSP-32-1EP_5x5mm_P0.5mm_EP3.25x3.25mm","https://www.analog.com/media/en/technical-documentation/data-sheets/ADF4351.pdf","","","","","","","","","","","",""
"U601","1","PD0922J5050D2HF","","","","My Footprints:PD0922J5050D2HF","https://cdn.ttm.com/repository/products/wireless-xinger/power-dividers/PD0922J5050D2HF/PD0922J5050D2HF.pdf","PD0922J5050D2HF","https://www.mouser.co.uk/ProductDetail/Anaren/PD0922J5050D2HF?qs=a9pbqwWPedVKhILioekM2A%3D%3D","","","","","","","","","",""
"U602","1","XMB0220K1-50100G","","","","My Footprints:XMB0220K1-50100G_TTT","https://cdn.ttm.com/repository/products/wireless-xinger/balun-transformers/XMB0220K1-50100G/XMB0220K1-50100G.pdf","","","","","","","","","","","",""
"Y501","1","ATX-11-F-26.000MHZ-F05-T","","","","My Footprints:ATX11F26000MHZF05T","https://abracon.com/datasheets/ATX-11.pdf","ATX-11-F-26.000MHZ-F05-T","","","","","","","","","","",""
